{
    "data": [1.2344290065289023, 0.05780397982996844, 0.6750048342179006, 0.12158235271509593, 0.2679020297457925, 0.08754290603591228, -1.2784562716235166, -1.6669005418047882, -0.4042270523591119, -0.07892215367746014, 0.15266065490950542, -0.21610071905014971, -2.461317270531735, -1.5572665691143495, 0.8257568645765406, 0.5879458210664958, 0.10963273951290363, 0.7292589047517397, 0.4701796040680602, 2.2492228980853497],
    "columns": "a",
    "index": [0, 1, 2, 3, 4, 5, 6, 7, 8, 9, 10, 11, 12, 13, 14, 15, 16, 17, 18, 19]
}
